campaign_id,campaign_name,channel,campaign_type,start_date,end_date,budget,spend,impressions,clicks,ctr,conversions,conversion_rate,revenue,roas,cpa
CAMP10000,Retention - Twitter - May 2023,Twitter,Retention,2023-05-07,2023-05-15,125171,106096.88,15994600,141761,0.89,1528,1.08,7618405.33,71.81,69.44
CAMP10001,Acquisition - Google Ads - Oct 2023,Google Ads,Acquisition,2023-10-10,2023-11-15,144337,124001.06,34314412,808017,2.35,11291,1.4,48336756.62,389.81,10.98
CAMP10002,Awareness - TikTok - Jun 2024,TikTok,Awareness,2024-06-07,2024-07-12,329598,274164.81,132263220,2819951,2.13,230070,8.16,499497590.36,1821.89,1.19
CAMP10003,Seasonal - LinkedIn - Feb 2024,LinkedIn,Seasonal,2024-02-08,2024-03-01,465739,378063.19,50986999,360365,0.71,8668,2.41,19023407.18,50.32,43.62
CAMP10004,Awareness - YouTube - Jun 2024,YouTube,Awareness,2024-06-02,2024-07-26,496311,365479.86,175490254,1148683,0.65,41634,3.62,204438553.6,559.37,8.78
CAMP10005,Seasonal - Google Ads - Apr 2024,Google Ads,Seasonal,2024-04-09,2024-06-02,446297,416386.59,94299348,1554907,1.65,114209,7.35,560104778.51,1345.16,3.65
CAMP10006,Reactivation - Twitter - Oct 2023,Twitter,Reactivation,2023-10-26,2023-11-10,166726,123672.42,20926358,55963,0.27,2286,4.08,7666272.03,61.99,54.1
CAMP10007,Reactivation - TikTok - May 2024,TikTok,Reactivation,2024-05-06,2024-06-21,254531,224599.97,102651773,1827865,1.78,62635,3.43,168638615.95,750.84,3.59
CAMP10008,Seasonal - TikTok - Mar 2023,TikTok,Seasonal,2023-03-15,2023-04-01,470690,423131.03,149952214,1259933,0.84,90294,7.17,362129753.38,855.83,4.69
CAMP10009,Retention - Twitter - Feb 2023,Twitter,Retention,2023-02-02,2023-03-18,380607,329044.73,116997408,497976,0.43,46097,9.26,195880046.23,595.3,7.14
CAMP10010,Acquisition - Email - Jul 2023,Email,Acquisition,2023-07-08,2023-09-06,332789,286911.06,107379633,2703967,2.52,121089,4.48,538682112.38,1877.52,2.37
CAMP10011,Retention - TikTok - Nov 2023,TikTok,Retention,2023-11-19,2023-12-12,420066,381800.08,178502315,4294420,2.41,235789,5.49,1112084179.44,2912.74,1.62
CAMP10012,Reactivation - Facebook - Mar 2024,Facebook,Reactivation,2024-03-08,2024-03-31,355495,337085.24,114428679,1334712,1.17,98099,7.35,127638976.37,378.65,3.44
CAMP10013,Seasonal - Google Ads - Apr 2023,Google Ads,Seasonal,2023-04-02,2023-04-13,473066,371981.63,128362962,1459957,1.14,91920,6.3,281750137.47,757.43,4.05
CAMP10014,Awareness - Google Ads - Mar 2023,Google Ads,Awareness,2023-03-15,2023-04-09,232705,172067.58,40497045,1028930,2.54,37830,3.68,73729765.46,428.49,4.55
CAMP10015,Retention - TikTok - Feb 2024,TikTok,Retention,2024-02-24,2024-03-30,221865,182278.07,75215461,1399008,1.86,15751,1.13,22219307.83,121.9,11.57
CAMP10016,Retention - Google Ads - Sep 2023,Google Ads,Retention,2023-09-29,2023-11-13,70456,62128.29,26707811,1034919,3.87,12452,1.2,38564735.94,620.73,4.99
CAMP10017,Retention - LinkedIn - Aug 2024,LinkedIn,Retention,2024-08-16,2024-09-14,41151,29860.15,5401645,50657,0.94,1825,3.6,7783650.0,260.67,16.36
CAMP10018,Reactivation - LinkedIn - Mar 2024,LinkedIn,Reactivation,2024-03-16,2024-04-11,490343,367351.22,87725438,1065075,1.21,70520,6.62,60520928.55,164.75,5.21
CAMP10019,Reactivation - Facebook - Aug 2023,Facebook,Reactivation,2023-08-28,2023-09-16,12976,10944.37,3211883,15942,0.5,185,1.16,737814.22,67.41,59.16
CAMP10020,Acquisition - Google Ads - Dec 2023,Google Ads,Acquisition,2023-12-21,2024-01-07,200787,190301.6,49425240,693462,1.4,34689,5.0,31134952.14,163.61,5.49
CAMP10021,Retention - TikTok - Aug 2024,TikTok,Retention,2024-08-28,2024-09-30,180556,135046.49,55485424,1213506,2.19,114577,9.44,372481825.51,2758.17,1.18
CAMP10022,Seasonal - LinkedIn - Nov 2023,LinkedIn,Seasonal,2023-11-27,2024-01-09,262203,226151.62,51865244,638853,1.23,22835,3.57,46660636.59,206.32,9.9
CAMP10023,Acquisition - Twitter - Apr 2023,Twitter,Acquisition,2023-04-11,2023-05-25,411870,363672.15,93279931,329080,0.35,20134,6.12,17821165.1,49.0,18.06
CAMP10024,Retention - Instagram - Dec 2023,Instagram,Retention,2023-12-31,2024-01-30,94536,89221.05,31556452,407464,1.29,24126,5.92,89515083.92,1003.3,3.7
CAMP10025,Awareness - TikTok - Dec 2023,TikTok,Awareness,2023-12-26,2024-01-02,333445,287835.87,85511013,1788851,2.09,101449,5.67,128618938.23,446.85,2.84
CAMP10026,Awareness - LinkedIn - Apr 2023,LinkedIn,Awareness,2023-04-11,2023-05-28,231726,190073.36,71482170,1009601,1.41,12709,1.26,44064199.38,231.83,14.96
CAMP10027,Reactivation - YouTube - Jun 2023,YouTube,Reactivation,2023-06-12,2023-06-30,13029,12567.16,5191630,14168,0.27,420,2.96,1931514.17,153.7,29.92
CAMP10028,Awareness - LinkedIn - Feb 2023,LinkedIn,Awareness,2023-02-19,2023-03-06,138164,112527.97,13881863,94488,0.68,9070,9.6,17231137.26,153.13,12.41
CAMP10029,Seasonal - TikTok - Feb 2023,TikTok,Seasonal,2023-02-07,2023-02-18,242535,240132.21,102643971,2121575,2.07,51463,2.43,222390249.94,926.12,4.67
CAMP10030,Acquisition - Facebook - May 2024,Facebook,Acquisition,2024-05-25,2024-07-09,413542,354852.05,150564266,2673184,1.78,43700,1.63,131694817.38,371.13,8.12
CAMP10031,Retention - Email - Jun 2024,Email,Retention,2024-06-11,2024-07-13,454009,436211.86,112897565,3763420,3.33,285904,7.6,500519527.81,1147.42,1.53
CAMP10032,Acquisition - LinkedIn - Jul 2024,LinkedIn,Acquisition,2024-07-08,2024-07-30,491648,464040.53,80096092,1207543,1.51,14715,1.22,38175680.07,82.27,31.54
CAMP10033,Awareness - TikTok - Jul 2023,TikTok,Awareness,2023-07-21,2023-09-13,414170,337116.82,135201341,3743148,2.77,228286,6.1,814835224.05,2417.07,1.48
CAMP10034,Acquisition - TikTok - Nov 2023,TikTok,Acquisition,2023-11-19,2024-01-02,157336,124521.94,23292889,312160,1.34,6503,2.08,12785782.82,102.68,19.15
CAMP10035,Reactivation - TikTok - Sep 2023,TikTok,Reactivation,2023-09-09,2023-09-20,85205,60652.62,25073397,416849,1.66,13611,3.27,32012269.36,527.8,4.46
CAMP10036,Acquisition - Twitter - Jul 2023,Twitter,Acquisition,2023-07-29,2023-09-23,282240,256832.53,54009434,439875,0.81,37402,8.5,125940660.48,490.36,6.87
CAMP10037,Reactivation - TikTok - Sep 2024,TikTok,Reactivation,2024-09-20,2024-10-01,158730,112306.01,32813558,971786,2.96,84872,8.73,236862939.42,2109.09,1.32
CAMP10038,Awareness - LinkedIn - May 2023,LinkedIn,Awareness,2023-05-26,2023-07-02,102768,76571.73,9436883,108912,1.15,1879,1.73,8933555.87,116.67,40.75
CAMP10039,Acquisition - Email - May 2024,Email,Acquisition,2024-05-26,2024-06-04,69823,56687.35,12033847,228402,1.9,9941,4.35,8675481.72,153.04,5.7
CAMP10040,Seasonal - TikTok - May 2023,TikTok,Seasonal,2023-05-20,2023-06-20,135665,105828.7,27467241,371392,1.35,4962,1.34,9208648.92,87.01,21.33
CAMP10041,Acquisition - YouTube - Feb 2024,YouTube,Acquisition,2024-02-14,2024-04-06,369678,345991.59,59329941,178837,0.3,8746,4.89,35067150.1,101.35,39.56
CAMP10042,Retention - Twitter - Oct 2023,Twitter,Retention,2023-10-25,2023-12-14,202173,174231.04,41749321,152512,0.37,14498,9.51,29695944.51,170.44,12.02
CAMP10043,Awareness - Instagram - Nov 2023,Instagram,Awareness,2023-11-27,2023-12-14,410770,388128.53,90127404,684295,0.76,55327,8.09,202208618.53,520.98,7.02
CAMP10044,Acquisition - Twitter - Jun 2023,Twitter,Acquisition,2023-06-10,2023-07-22,497619,433031.81,210923152,1105606,0.52,72459,6.55,115577543.79,266.9,5.98
CAMP10045,Retention - TikTok - Jul 2023,TikTok,Retention,2023-07-25,2023-09-11,77410,67232.98,21692707,308206,1.42,23111,7.5,12613612.52,187.61,2.91
CAMP10046,Retention - Instagram - Jul 2023,Instagram,Retention,2023-07-02,2023-07-09,490035,423692.87,145546870,3169843,2.18,39004,1.23,148356321.27,350.15,10.86
CAMP10047,Awareness - Facebook - Feb 2023,Facebook,Awareness,2023-02-09,2023-04-10,268125,255747.98,110277786,1730881,1.57,115568,6.68,114904631.32,449.29,2.21
CAMP10048,Retention - Twitter - Apr 2023,Twitter,Retention,2023-04-12,2023-04-21,137677,118857.61,47805013,187780,0.39,18092,9.63,64701718.72,544.36,6.57
CAMP10049,Awareness - Facebook - May 2023,Facebook,Awareness,2023-05-21,2023-06-09,367126,284218.96,116453480,897095,0.77,70173,7.82,179858171.88,632.82,4.05
CAMP10050,Reactivation - Email - Sep 2023,Email,Reactivation,2023-09-10,2023-09-20,293710,263663.28,52863274,2120488,4.01,193450,9.12,445293564.1,1688.87,1.36
CAMP10051,Reactivation - YouTube - Sep 2024,YouTube,Reactivation,2024-09-17,2024-11-12,444269,409884.01,86055516,468594,0.54,5834,1.25,12017282.72,29.32,70.26
CAMP10052,Acquisition - Twitter - Apr 2024,Twitter,Acquisition,2024-04-29,2024-05-09,473532,394021.04,92364173,602113,0.65,51446,8.54,129735989.64,329.26,7.66
CAMP10053,Retention - YouTube - Feb 2023,YouTube,Retention,2023-02-10,2023-03-17,426653,399382.27,-1000,477366,0.76,41169,8.62,53201191.09,133.21,9.7
CAMP10054,Seasonal - YouTube - Jan 2024,YouTube,Seasonal,2024-01-25,2024-02-02,117331,106287.46,48848672,321321,0.66,10748,3.34,14336483.23,134.88,9.89
CAMP10055,Retention - Google Ads - Sep 2023,Google Ads,Retention,2023-09-02,2023-09-20,396101,358606.57,110387634,3023694,2.74,152214,5.03,523143762.51,1458.82,2.36
CAMP10056,Acquisition - Instagram - Apr 2023,Instagram,Acquisition,2023-04-20,2023-05-17,214150,175868.78,83323048,1728029,2.07,113179,6.55,128446675.13,730.36,1.55
CAMP10057,Awareness - Email - Jun 2023,Email,Awareness,2023-06-09,2023-07-13,304765,280985.55,74294396,4076605,5.49,337042,8.27,657921528.41,2341.48,0.83
CAMP10058,Acquisition - LinkedIn - Apr 2024,LinkedIn,Acquisition,2024-04-05,2024-05-28,337977,286594.22,132236081,1318473,1.0,80849,6.13,369171218.14,1288.13,3.54
CAMP10059,Awareness - Instagram - Jan 2023,Instagram,Awareness,2023-01-28,2023-03-04,317521,302584.05,34266072,339412,0.99,31695,9.34,102104909.91,337.44,9.55
CAMP10060,Reactivation - LinkedIn - Dec 2023,LinkedIn,Reactivation,2023-12-15,2024-01-14,251344,250900.53,123205723,912619,0.74,29956,3.28,94652179.39,377.25,8.38
CAMP10061,Retention - Instagram - Nov 2023,Instagram,Retention,2023-11-01,2023-12-09,191537,154386.45,43315072,405914,0.94,20487,5.05,78727442.68,509.94,7.54
CAMP10062,Retention - Facebook - Apr 2024,Facebook,Retention,2024-04-19,2024-05-25,112909,87841.9,25680933,185307,0.72,16424,8.86,55522323.1,632.07,5.35
CAMP10063,Retention - Google Ads - Jan 2023,Google Ads,Retention,2023-01-15,2023-02-22,32402,23624.56,9516339,181715,1.91,4317,2.38,3941294.01,166.83,5.47
CAMP10064,Seasonal - Twitter - Mar 2024,Twitter,Seasonal,2024-03-04,2024-03-14,102959,95901.37,33540208,127463,0.38,8745,6.86,25516950.66,266.07,10.97
CAMP10065,Awareness - Instagram - Feb 2023,Instagram,Awareness,2023-02-04,2023-03-25,148780,109203.37,29416355,442727,1.51,13000,2.94,9447113.17,86.51,8.4
CAMP10066,Retention - Email - Apr 2024,Email,Retention,2024-04-16,2024-05-09,383971,344400.88,47449632,1528953,3.22,59953,3.92,133305040.08,387.06,5.74
CAMP10067,Reactivation - TikTok - Jun 2023,TikTok,Reactivation,2023-06-04,2023-07-10,204603,145800.91,21789535,236661,1.09,22347,9.44,62203796.83,426.64,6.52
CAMP10068,Awareness - LinkedIn - Nov 2023,LinkedIn,Awareness,2023-11-21,2023-12-21,204659,149460.2,28611903,413585,1.45,34151,8.26,152489590.75,1020.27,4.38
CAMP10069,Acquisition - Google Ads - Apr 2023,Google Ads,Acquisition,2023-04-01,2023-05-28,435627,424739.12,85739322,2481976,2.89,92512,3.73,359692100.19,846.85,4.59
CAMP10070,Seasonal - Facebook - Feb 2023,Facebook,Seasonal,2023-02-04,2023-02-26,57380,46682.28,13313761,222465,1.67,10096,4.54,33149062.98,710.1,4.62
CAMP10071,Awareness - LinkedIn - Nov 2023,LinkedIn,Awareness,2023-11-04,2023-11-11,446464,434248.63,103891931,790711,0.76,46481,5.88,162537597.31,374.3,9.34
CAMP10072,Acquisition - LinkedIn - Jan 2024,LinkedIn,Acquisition,2024-01-26,2024-02-06,80662,65883.15,15172155,168980,1.11,4471,2.65,16015903.88,243.1,14.74
CAMP10073,Acquisition - LinkedIn - Nov 2023,LinkedIn,Acquisition,2023-11-03,2023-11-14,377445,271411.3,97573922,939607,0.96,16227,1.73,45698100.24,168.37,16.73
CAMP10074,Seasonal - Twitter - Jun 2023,Twitter,Seasonal,2023-06-02,2023-07-31,106456,95401.05,11786385,65991,0.56,3898,5.91,4951147.15,51.9,24.47
CAMP10075,Awareness - Instagram - Jun 2024,Instagram,Awareness,2024-06-17,2024-07-11,273686,250655.55,105907659,1569578,1.48,36268,2.31,74583200.16,297.55,6.91
CAMP10076,Seasonal - LinkedIn - Jun 2024,LinkedIn,Seasonal,2024-06-28,2024-07-30,207286,176843.37,56007757,307091,0.55,14323,4.66,61324025.63,346.77,12.35
CAMP10077,Retention - YouTube - Jun 2024,YouTube,Retention,2024-06-20,2024-07-26,405252,359876.65,112139543,456974,0.41,17114,3.75,18639755.33,51.79,21.03
CAMP10078,Retention - Instagram - Apr 2024,Instagram,Retention,2024-04-07,2024-04-28,475393,417372.74,207175812,2781512,1.34,276552,9.94,1061484528.04,2543.25,1.51
CAMP10079,Awareness - Facebook - Aug 2024,Facebook,Awareness,2024-08-23,2024-09-09,44615,31622.93,13441344,234001,1.74,4611,1.97,12296920.19,388.86,6.86
CAMP10080,Retention - Google Ads - Jan 2023,Google Ads,Retention,2023-01-11,2023-02-04,84208,77865.11,20006974,782917,3.91,74431,9.51,214901367.23,2759.92,1.05
CAMP10081,Awareness - LinkedIn - May 2024,LinkedIn,Awareness,2024-05-18,2024-05-29,395212,292045.26,45848686,627149,1.37,32748,5.22,70889170.35,242.73,8.92
CAMP10082,Seasonal - Twitter - Nov 2023,Twitter,Seasonal,2023-11-01,2023-11-28,70626,59846.03,13399696,94403,0.7,8964,9.5,13085654.59,218.66,6.68
CAMP10083,Seasonal - LinkedIn - Jun 2023,LinkedIn,Seasonal,2023-06-05,2023-07-19,418579,299959.15,78368877,488693,0.62,28750,5.88,79191121.7,264.01,10.43
CAMP10084,Acquisition - YouTube - Feb 2023,YouTube,Acquisition,2023-02-07,2023-03-22,44302,43729.82,9495684,74442,0.78,3465,4.65,13331321.84,304.86,12.62
CAMP10085,Seasonal - Google Ads - Feb 2024,Google Ads,Seasonal,2024-02-04,2024-02-25,427688,386294.12,73861265,1053100,1.43,97706,9.28,261055847.69,675.8,3.95
CAMP10086,Reactivation - Google Ads - Nov 2023,Google Ads,Reactivation,2023-11-05,2023-12-20,344994,244268.36,99355803,3190564,3.21,108525,3.4,490970109.15,2009.96,2.25
CAMP10087,Seasonal - Instagram - Jul 2024,Instagram,Seasonal,2024-07-31,2024-08-13,34436,33656.41,6421961,112707,1.76,8672,7.69,11357439.39,337.45,3.88
CAMP10088,Retention - Email - Sep 2023,Email,Retention,2023-09-04,2023-09-21,356019,261914.98,95478799,6182195,6.47,500423,8.09,2035745901.72,7772.54,0.52
CAMP10089,Reactivation - Google Ads - Nov 2023,Google Ads,Reactivation,2023-11-09,2023-11-17,181800,180031.84,88198539,2196105,2.49,207422,9.44,418541183.59,2324.82,0.87
CAMP10090,Acquisition - Google Ads - Apr 2024,Google Ads,Acquisition,2024-04-20,2024-05-05,314875,237075.13,102184218,3049310,2.98,204359,6.7,628866377.31,2652.6,1.16
CAMP10091,Awareness - YouTube - Feb 2023,YouTube,Awareness,2023-02-07,2023-03-11,428043,352203.14,55497762,224120,0.4,19837,8.85,36033518.99,102.31,17.75
CAMP10092,Awareness - TikTok - May 2023,TikTok,Awareness,2023-05-20,2023-06-15,177952,132423.16,17107954,503444,2.94,24762,4.92,48277132.68,364.57,5.35
CAMP10093,Awareness - Twitter - Sep 2023,Twitter,Awareness,2023-09-15,2023-10-31,63324,60379.93,24900003,179892,0.72,12605,7.01,56141355.69,929.8,4.79
CAMP10094,Reactivation - LinkedIn - Sep 2023,LinkedIn,Reactivation,2023-09-19,2023-11-07,385180,281935.2,68044689,523484,0.77,11263,2.15,37773132.24,133.98,25.03
CAMP10095,Acquisition - Google Ads - Oct 2023,Google Ads,Acquisition,2023-10-12,2023-10-28,299400,218173.93,51147659,1675442,3.28,166145,9.92,574441921.59,2632.95,1.31
CAMP10096,Awareness - Email - Aug 2023,Email,Awareness,2023-08-19,2023-10-05,387609,372144.23,154886607,6105494,3.94,440142,7.21,2152620046.02,5784.37,0.85
CAMP10097,Seasonal - Twitter - Sep 2023,Twitter,Seasonal,2023-09-10,2023-10-11,97632,82365.51,24741049,234471,0.95,17856,7.62,64177080.83,779.17,4.61
CAMP10098,Retention - TikTok - Oct 2023,TikTok,Retention,2023-10-21,2023-12-08,417163,392832.22,81697580,1143386,1.4,32109,2.81,128534419.76,327.2,12.23
CAMP10099,Reactivation - LinkedIn - Feb 2024,LinkedIn,Reactivation,2024-02-12,2024-03-15,53413,46408.42,6475487,34848,0.54,2837,8.14,4258375.95,91.76,16.36
CAMP10100,Seasonal - LinkedIn - Mar 2024,LinkedIn,Seasonal,2024-03-24,2024-04-27,10980,9338.59,4594938,60358,1.31,4301,7.13,16167133.12,1731.22,2.17
CAMP10101,Acquisition - Facebook - Mar 2024,Facebook,Acquisition,2024-03-24,2024-04-07,213947,320920.5,82688888,720395,0.87,60231,8.36,47475321.9,247.17,3.19
CAMP10102,Awareness - TikTok - Sep 2023,TikTok,Awareness,2023-09-18,2023-11-17,289519,237135.65,102836457,1791772,1.74,60215,3.36,164473646.56,693.58,3.94
CAMP10103,Awareness - Twitter - Nov 2023,Twitter,Awareness,2023-11-04,2023-12-31,295723,287427.11,60833173,349337,0.57,21569,6.17,30189670.69,105.03,13.33
CAMP10104,Reactivation - LinkedIn - May 2024,LinkedIn,Reactivation,2024-05-06,2024-05-20,291209,212154.8,70680391,341032,0.48,21398,6.27,62642543.73,295.27,9.91
CAMP10105,Seasonal - Twitter - Sep 2023,Twitter,Seasonal,2023-09-23,2023-10-25,453169,334848.36,163617585,1525169,0.93,71413,4.68,39504858.61,117.98,4.69
CAMP10106,Seasonal - LinkedIn - Jul 2024,LinkedIn,Seasonal,2024-07-06,2024-08-02,46492,43390.83,21445285,251338,1.17,21538,8.57,81487135.96,1877.98,2.01
CAMP10107,Acquisition - Twitter - Sep 2024,Twitter,Acquisition,2024-09-24,2024-10-16,51888,51671.54,16726400,74169,0.44,2591,3.49,3773942.34,73.04,19.94
CAMP10108,Reactivation - Google Ads - Jul 2023,Google Ads,Reactivation,2023-07-20,2023-08-26,156118,149790.5,43805052,698699,1.6,66424,9.51,97311672.08,649.65,2.26
CAMP10109,Acquisition - YouTube - Jan 2023,YouTube,Acquisition,2023-01-09,2023-02-02,148279,146804.26,67501835,340434,0.5,7613,2.24,9720321.77,66.21,19.28
CAMP10110,Awareness - Google Ads - Mar 2023,Google Ads,Awareness,2023-03-17,2023-03-27,55765,42057.66,13116059,223303,1.7,13927,6.24,41842344.53,994.88,3.02
CAMP10111,Reactivation - LinkedIn - Sep 2024,LinkedIn,Reactivation,2024-09-11,2024-11-02,136950,98277.23,32542262,442280,1.36,16738,3.78,65621334.47,667.72,5.87
CAMP10112,Reactivation - Twitter - Dec 2023,Twitter,Reactivation,2023-12-31,2024-01-10,131060,118878.77,52524706,169188,0.32,15224,9.0,37613065.7,316.4,7.81
CAMP10113,Retention - Instagram - Feb 2024,Instagram,Retention,2024-02-21,2024-03-19,416291,321618.27,68712867,1158926,1.69,89524,7.72,295840245.96,919.85,3.59
CAMP10114,Retention - Twitter - Jan 2023,Twitter,Retention,2023-01-21,2023-03-22,163105,132049.74,28212781,162134,0.57,15806,9.75,28131580.81,213.04,8.35
CAMP10115,Seasonal - LinkedIn - Sep 2023,LinkedIn,Seasonal,2023-09-23,2023-10-17,385285,341597.13,57365161,912934,1.59,38567,4.22,123244848.21,360.79,8.86
CAMP10116,Awareness - YouTube - Oct 2023,YouTube,Awareness,2023-10-22,2023-12-16,487855,437683.58,63438574,454082,0.72,23192,5.11,51277812.11,117.16,18.87
CAMP10117,Acquisition - LinkedIn - Oct 2023,LinkedIn,Acquisition,2023-10-05,2023-11-24,73160,52421.97,5917065,67331,1.14,1631,2.42,7878695.53,150.29,32.14
CAMP10118,Reactivation - Instagram - Jun 2023,Instagram,Reactivation,2023-06-09,2023-07-31,67709,65403.16,18582436,214354,1.15,12625,5.89,41096566.72,628.36,5.18
CAMP10119,Awareness - Instagram - Aug 2023,Instagram,Awareness,2023-08-09,2023-09-20,244027,179408.3,80554205,993430,1.23,39009,3.93,90787739.83,506.04,4.6
CAMP10120,Reactivation - YouTube - May 2023,YouTube,Reactivation,2023-05-03,2023-06-04,477721,415142.96,199517650,1330655,0.67,130741,9.83,396543124.55,955.2,3.18
CAMP10121,Acquisition - Facebook - Dec 2023,Facebook,Acquisition,2023-12-20,2024-01-09,338571,280502.12,59921679,402256,0.67,26531,6.6,91731997.46,327.03,10.57
CAMP10122,Acquisition - YouTube - Oct 2023,YouTube,Acquisition,2023-10-15,2023-12-08,278910,224558.78,105634876,821216,0.78,60855,7.41,276060019.05,1229.34,3.69
CAMP10123,Acquisition - Instagram - Mar 2024,Instagram,Acquisition,2024-03-28,2024-04-13,128227,91783.83,36828598,745169,2.02,36846,4.94,59434794.84,647.55,2.49
CAMP10124,Awareness - Facebook - Oct 2023,Facebook,Awareness,2023-10-25,2023-12-16,206214,181126.11,55420429,425482,0.77,19602,4.61,95337966.75,526.36,9.24
CAMP10125,Retention - LinkedIn - Feb 2024,LinkedIn,Retention,2024-02-23,2024-03-31,349091,310087.89,49739493,445461,0.9,26505,5.95,21158829.38,68.23,11.7
CAMP10126,Retention - Email - Sep 2023,Email,Retention,2023-09-19,2023-10-07,11056,8753.16,3550904,159912,4.5,12508,7.82,54132575.14,6184.35,0.7
CAMP10127,Acquisition - YouTube - Feb 2024,YouTube,Acquisition,2024-02-14,2024-04-09,88189,63823.01,29570159,213171,0.72,7864,3.69,39223581.25,614.57,8.12
CAMP10128,Reactivation - LinkedIn - Apr 2023,LinkedIn,Reactivation,2023-04-07,2023-04-25,270525,243389.0,84912862,660453,0.78,63090,9.55,186421681.21,765.94,3.86
CAMP10129,Awareness - YouTube - Nov 2023,YouTube,Awareness,2023-11-24,2024-01-08,472929,365441.23,70638294,444349,0.63,25348,5.7,85270974.65,233.34,14.42
CAMP10130,Reactivation - Twitter - Jan 2023,Twitter,Reactivation,2023-01-27,2023-03-16,453152,421269.47,190637681,1540041,0.81,60537,3.93,149248029.5,354.28,6.96
CAMP10131,Reactivation - Facebook - Mar 2024,Facebook,Reactivation,2024-03-03,2024-04-30,371808,333393.72,82883481,1112923,1.34,61710,5.54,254961083.28,764.74,5.4
CAMP10132,Awareness - LinkedIn - Jan 2023,LinkedIn,Awareness,2023-01-27,2023-02-11,169780,254670.0,70283333,536317,0.76,20468,3.82,28592778.13,194.36,7.19
CAMP10133,Acquisition - Twitter - Feb 2023,Twitter,Acquisition,2023-02-17,2023-04-14,451756,449035.99,56098538,432424,0.77,36606,8.47,140944606.84,313.88,12.27
CAMP10134,Awareness - Email - Jan 2023,Email,Awareness,2023-01-02,2023-01-21,455140,439929.85,128920791,7501799,5.82,673791,8.98,1292584187.97,2938.16,0.65
CAMP10135,Reactivation - LinkedIn - Jun 2023,LinkedIn,Reactivation,2023-06-09,2023-08-08,259937,256524.56,55065705,876814,1.59,25057,2.86,58162718.74,226.73,10.24
CAMP10136,Acquisition - Twitter - Sep 2023,Twitter,Acquisition,2023-09-11,2023-11-03,175044,146974.8,32995734,112930,0.34,8901,7.88,13817179.4,94.01,16.51
CAMP10137,Retention - TikTok - Mar 2023,TikTok,Retention,2023-03-18,2023-04-15,83091,78047.61,10643491,225391,2.12,15013,6.66,17739151.03,227.29,5.2
CAMP10138,Acquisition - Google Ads - Dec 2023,Google Ads,Acquisition,2023-12-26,2024-02-23,64240,46558.4,6509893,201350,3.09,15290,7.59,64899241.64,1393.93,3.05
CAMP10139,Awareness - TikTok - Mar 2023,TikTok,Awareness,2023-03-31,2023-05-27,498189,747283.5,165863048,2352229,1.42,217219,9.23,829441547.72,1875.75,2.04
CAMP10140,Seasonal - Facebook - Oct 2023,Facebook,Seasonal,2023-10-31,2023-11-29,297798,292227.83,45228992,262902,0.58,11454,4.36,41099430.82,140.64,25.51
CAMP10141,Reactivation - Facebook - May 2023,Facebook,Reactivation,2023-05-29,2023-06-15,287340,246183.41,53866476,472306,0.88,15192,3.22,30469295.32,123.77,16.2
CAMP10142,Seasonal - Google Ads - Jan 2024,Google Ads,Seasonal,2024-01-16,2024-03-14,484770,400510.04,175265635,2350393,1.34,203320,8.65,1015766322.18,2536.18,1.97
CAMP10143,Reactivation - TikTok - Apr 2023,TikTok,Reactivation,2023-04-20,2023-04-28,353604,347118.07,68990608,921307,1.34,58838,6.39,269396413.15,776.09,5.9
CAMP10144,Seasonal - YouTube - Jun 2024,YouTube,Seasonal,2024-06-26,2024-07-15,289879,272320.25,47172882,154658,0.33,3692,2.39,12210701.8,44.84,73.76
CAMP10145,Acquisition - TikTok - Jan 2023,TikTok,Acquisition,2023-01-06,2023-01-13,175733,170382.23,22691091,380802,1.68,32258,8.47,30015318.5,176.16,5.28
CAMP10146,Retention - YouTube - Feb 2023,YouTube,Retention,2023-02-15,2023-03-10,34873,30484.63,10999642,32324,0.29,1399,4.33,5502266.56,180.49,21.79
CAMP10147,Reactivation - Email - Jan 2024,Email,Reactivation,2024-01-04,2024-01-21,9325,8923.24,1603193,42149,2.63,467,1.11,828354.41,92.83,19.11
CAMP10148,Retention - YouTube - Jun 2023,YouTube,Retention,2023-06-13,2023-07-22,327063,284426.19,52388097,235322,0.45,11026,4.69,35526800.43,124.91,25.8
CAMP10149,Retention - Google Ads - Jun 2024,Google Ads,Retention,2024-06-07,2024-06-27,157773,139807.91,14202596,310485,2.19,10056,3.24,46410855.24,331.96,13.9
CAMP10150,Acquisition - YouTube - Apr 2023,YouTube,Acquisition,2023-04-23,2023-05-16,265950,208666.04,102466475,778299,0.76,19520,2.51,96487382.98,462.4,10.69
CAMP10151,Reactivation - Twitter - May 2024,Twitter,Reactivation,2024-05-19,2024-07-06,450879,334139.39,115589992,600748,0.52,7804,1.3,22687717.84,67.9,42.82
CAMP10152,Reactivation - Email - Sep 2024,Email,Reactivation,2024-09-12,2024-10-18,200696,197211.72,86945484,5500787,6.33,93806,1.71,444657500.77,2254.72,2.1
CAMP10153,Acquisition - Email - Apr 2023,Email,Acquisition,2023-04-03,2023-05-11,240526,202636.69,97600976,3558320,3.65,35734,1.0,57409392.81,283.31,5.67
CAMP10154,Reactivation - TikTok - May 2023,TikTok,Reactivation,2023-05-23,2023-07-04,362476,311904.21,126571975,2957552,2.34,156845,5.3,627259466.96,2011.06,1.99
CAMP10155,Retention - YouTube - Aug 2024,YouTube,Retention,2024-08-17,2024-08-28,289674,261955.9,99541228,420559,0.42,15039,3.58,20439274.96,78.03,17.42
CAMP10156,Acquisition - TikTok - Nov 2023,TikTok,Acquisition,2023-11-14,2023-11-21,44696,32494.16,8054576,92584,1.15,9172,9.91,18078646.83,556.37,3.54
CAMP10157,Awareness - Google Ads - Nov 2023,Google Ads,Awareness,2023-11-02,2023-12-17,211231,206826.31,70084134,2228208,3.18,52199,2.34,156540926.49,756.87,3.96
CAMP10158,Retention - Facebook - Jun 2024,Facebook,Retention,2024-06-24,2024-08-11,71627,53419.43,25552647,386044,1.51,18617,4.82,61865228.96,1158.1,2.87
CAMP10159,Seasonal - Email - Dec 2023,Email,Seasonal,2023-12-03,2024-01-06,304699,285812.58,64422706,3731795,5.79,96915,2.6,127464837.55,445.97,2.95
CAMP10160,Retention - Email - Oct 2023,Email,Retention,2023-10-31,2023-12-15,197365,187137.29,67960124,2089197,3.07,73177,3.5,81831564.11,437.28,2.56
CAMP10161,Retention - Google Ads - Mar 2024,Google Ads,Retention,2024-03-10,2024-04-06,224502,200923.51,87660536,3366857,3.84,155541,4.62,184941670.54,920.46,1.29
CAMP10162,Reactivation - TikTok - Nov 2023,TikTok,Reactivation,2023-11-13,2024-01-10,293420,267363.36,84234724,2503903,2.97,161691,6.46,743236350.49,2779.87,1.65
CAMP10163,Acquisition - TikTok - Mar 2024,TikTok,Acquisition,2024-03-29,2024-05-05,237437,182662.1,84883126,2516202,2.96,135927,5.4,224984471.51,1231.7,1.34
CAMP10164,Retention - YouTube - Sep 2024,YouTube,Retention,2024-09-24,2024-11-12,476571,378764.91,78361538,406515,0.52,6493,1.6,5684146.36,15.01,58.33
CAMP10165,Acquisition - Facebook - Oct 2023,Facebook,Acquisition,2023-10-07,2023-12-06,407668,367495.03,127640363,1203208,0.94,83312,6.92,414672954.22,1128.38,4.41
CAMP10166,Seasonal - Facebook - Aug 2024,Facebook,Seasonal,2024-08-28,2024-10-08,225106,221218.96,89300493,1591846,1.78,80509,5.06,346923072.06,1568.23,2.75
CAMP10167,Retention - LinkedIn - May 2023,LinkedIn,Retention,2023-05-25,2023-07-08,499839,452930.71,92659583,1164420,1.26,34780,2.99,79755283.91,176.09,13.02
CAMP10168,Acquisition - YouTube - Mar 2023,YouTube,Acquisition,2023-03-09,2023-04-04,173999,166610.74,46338576,286914,0.62,8988,3.13,26041793.18,156.3,18.54
CAMP10169,Retention - Instagram - Feb 2023,Instagram,Retention,2023-02-25,2023-04-15,486926,442115.54,201017180,1688388,0.84,18689,1.11,77074522.03,174.33,23.66
CAMP10170,Retention - LinkedIn - Oct 2023,LinkedIn,Retention,2023-10-21,2023-11-11,332708,255624.56,34872343,464259,1.33,5065,1.09,16763372.49,65.58,50.47
CAMP10171,Retention - Facebook - Aug 2023,Facebook,Retention,2023-08-14,2023-09-07,415193,314083.9,60141390,933775,1.55,87983,9.42,76776918.62,244.45,3.57
CAMP10172,Reactivation - Twitter - Sep 2024,Twitter,Reactivation,2024-09-03,2024-10-12,218598,194774.2,19919154,132682,0.67,5293,3.99,20717279.36,106.37,36.8
CAMP10173,Acquisition - Email - Dec 2023,Email,Acquisition,2023-12-30,2024-02-08,439629,434076.81,117841230,4655467,3.95,417153,8.96,381346335.34,878.52,1.04
CAMP10174,Seasonal - Facebook - Jul 2024,Facebook,Seasonal,2024-07-27,2024-09-24,362009,324515.37,83828825,472415,0.56,20840,4.41,62040827.4,191.18,15.57
CAMP10175,Acquisition - Email - Aug 2024,Email,Acquisition,2024-08-03,2024-08-21,150729,109442.13,20688083,618817,2.99,55309,8.94,218979487.15,2000.87,1.98
CAMP10176,Retention - Twitter - Jun 2024,Twitter,Retention,2024-06-20,2024-07-22,233493,192574.68,65209350,274327,0.42,19748,7.2,13225884.68,68.68,9.75
CAMP10177,Retention - YouTube - Aug 2024,YouTube,Retention,2024-08-17,2024-10-14,446336,397665.68,121823938,693795,0.57,20481,2.95,83432927.24,209.81,19.42
CAMP10178,Reactivation - TikTok - Dec 2023,TikTok,Reactivation,2023-12-13,2023-12-20,214970,181473.58,76509208,2014797,2.63,66476,3.3,237127720.38,1306.68,2.73
CAMP10179,Retention - Facebook - Sep 2023,Facebook,Retention,2023-09-01,2023-10-22,210247,185211.8,30421319,329446,1.08,26337,7.99,80167864.25,432.84,7.03
CAMP10180,Awareness - Google Ads - Aug 2024,Google Ads,Awareness,2024-08-20,2024-10-12,426956,359497.67,97739281,2085550,2.13,96698,4.64,382181797.38,1063.1,3.72
CAMP10181,Retention - LinkedIn - Mar 2023,LinkedIn,Retention,2023-03-05,2023-03-25,201301,178734.24,54339850,770022,1.42,19046,2.47,85147232.2,476.39,9.38
CAMP10182,Acquisition - TikTok - Jan 2024,TikTok,Acquisition,2024-01-27,2024-02-06,71794,52017.91,12188956,276411,2.27,19508,7.06,40744332.57,783.28,2.67
CAMP10183,Awareness - Google Ads - Oct 2023,Google Ads,Awareness,2023-10-31,2023-12-02,251211,237663.28,27625431,863977,3.13,61284,7.09,78036592.56,328.35,3.88
CAMP10184,Awareness - Instagram - Aug 2023,Instagram,Awareness,2023-08-17,2023-09-17,288673,250944.59,55878989,949570,1.7,75009,7.9,127784841.48,509.22,3.35
CAMP10185,Acquisition - Twitter - May 2023,Twitter,Acquisition,2023-05-10,2023-06-15,144815,137739.33,37667803,156565,0.42,2927,1.87,10703877.71,77.71,47.06
CAMP10186,Seasonal - TikTok - May 2023,TikTok,Seasonal,2023-05-23,2023-06-01,82107,65654.86,12223454,94371,0.77,8583,9.09,28478733.81,433.76,7.65
CAMP10187,Acquisition - YouTube - Jun 2023,YouTube,Acquisition,2023-06-18,2023-07-18,290214,215492.67,38312338,203891,0.53,9389,4.6,5642371.79,26.18,22.95
CAMP10188,Seasonal - Email - Aug 2024,Email,Seasonal,2024-08-22,2024-10-11,112983,95031.29,24075219,1666733,6.92,113997,6.84,309747572.06,3259.43,0.83
CAMP10189,Awareness - Google Ads - Mar 2024,Google Ads,Awareness,2024-03-30,2024-04-11,366765,352465.48,108161441,3340414,3.09,232893,6.97,812659405.27,2305.64,1.51
CAMP10190,Retention - LinkedIn - Sep 2024,LinkedIn,Retention,2024-09-28,2024-11-20,383639,298816.29,119895467,876814,0.73,72438,8.26,103895151.14,347.69,4.13
CAMP10191,Reactivation - Instagram - Aug 2023,Instagram,Reactivation,2023-08-18,2023-09-15,421987,311135.06,31946140,711971,2.23,23823,3.35,26296470.61,84.52,13.06
CAMP10192,Seasonal - Facebook - May 2024,Facebook,Seasonal,2024-05-17,2024-07-05,213068,184103.28,91971578,1266071,1.38,113205,8.94,145935561.59,792.68,1.63
CAMP10193,Awareness - Email - Apr 2024,Email,Awareness,2024-04-01,2024-04-24,373743,344062.17,151383488,9758035,6.45,590546,6.05,2842180519.01,8260.66,0.58
CAMP10194,Seasonal - Instagram - Nov 2023,Instagram,Seasonal,2023-11-10,2023-12-24,127084,110499.27,34751790,250750,0.72,9604,3.83,13676783.64,123.77,11.51
CAMP10195,Awareness - Google Ads - Feb 2023,Google Ads,Awareness,2023-02-19,2023-03-21,482950,399549.22,101815252,1513360,1.49,31188,2.06,29630916.37,74.16,12.81
CAMP10196,Retention - TikTok - Apr 2023,TikTok,Retention,2023-04-01,2023-05-13,48047,39273.45,15013327,141640,0.94,1844,1.3,2467146.13,62.82,21.3
CAMP10197,Retention - TikTok - Apr 2024,TikTok,Retention,2024-04-08,2024-05-28,334349,238346.46,39327699,785996,2.0,34505,4.39,59781752.58,250.82,6.91
CAMP10198,Reactivation - Facebook - Dec 2023,Facebook,Reactivation,2023-12-25,2024-01-27,307114,287977.41,60132861,691763,1.15,31515,4.56,51375071.39,178.4,9.14
CAMP10199,Acquisition - TikTok - Mar 2023,TikTok,Acquisition,2023-03-08,2023-03-26,328633,309675.8,46412149,840165,1.81,71218,8.48,169590458.48,547.64,4.35
